Paw Patrol Marshalls Fire Engine Vehicle with Collectible Figure;LEGO Ideas NASA Apollo Saturn V 21309 Outer Space Model Rocket;First Builders Big Building Bag;Hasbro Gaming Rubiks 3X3 Cube Puzzle Game Classic Colors;Hasbro Gaming Rubiks 3X3 Cube Puzzle Game Classic Colors,393.07
Kinetic Sand Bake Shoppe Playset with 1Lb of & 16 Tools & Molds,948.97
Kinetic Sand Bake Shoppe Playset with 1Lb of & 16 Tools & Molds;GreenKidz Dinosaur Toys Pull Back Cars,466.81
Fisher-Price Babys First Blocks;LEGO Ideas NASA Apollo Saturn V 21309 Outer Space Model Rocket;Max Fun DIY Felt Christmas Tree Set,837.33
Paw Patrol Marshalls Fire Engine Vehicle with Collectible Figure;Vertellis Holiday Edition Card Game;Play-Doh Modeling Compound;LEGO Technic BASH!;LEGO Friends Advent Calendar 41382 Building Kit,543.12
Paw Patrol Skyes Helicopter Vehicle with Collectible Figure;Fisher-Price Babys First Blocks,274.38
LEGO Technic BASH!;UNO Minecraft Card Game,999.09
Hasbro Gaming Rubiks 3X3 Cube Puzzle Game Classic Colors;Paw Patrol Skyes Helicopter Vehicle with Collectible Figure;GreenKidz Dinosaur Toys Pull Back Cars;LEGO Friends Advent Calendar 41382 Building Kit;Hasbro Gaming Rubiks 3X3 Cube Puzzle Game Classic Colors,207.67
Paw Patrol Marshalls Fire Engine Vehicle with Collectible Figure;LEGO City Heavy Cargo Transport;Cards Against Humanity;Hasbro Gaming Rubiks 3X3 Cube Puzzle Game Classic Colors,411.28
LEGO Ideas NASA Apollo Saturn,273.01
Paw Patrol Chases Patrol Cruiser Vehicle with Collectible Figure for Kids Aged 3 and Up;First Builders Big Building Bag;L.O.L. Surprise! Glitter Globe Doll Winter Disco Series with Glitter Hair;Max Fun DIY Felt Christmas Tree Set,795.25
LEGO Friends Advent Calendar,142.24
LEGO Ideas NASA Apollo Saturn;LEGO Ideas NASA Apollo Saturn V 21309 Outer Space Model Rocket;LEGO City Heavy Cargo Transport;LEGO Friends Advent Calendar 41382 Building Kit;LEGO Harry Potter Advent Calendar,289.3
Glow Sticks Bulk Party Favors,475.97
Max Fun DIY Felt Christmas Tree Set;Vertellis Holiday Edition Card Game,59.53
LEGO Harry Potter Advent Calendar;Play-Doh Modeling Compound,694.09
LEGO Harry Potter Advent Calendar,365.98
Hasbro Gaming Rubiks 3X3 Cube Puzzle Game Classic Colors;UNO Minecraft Card Game;LEGO Friends Advent Calendar 41382 Building Kit,125.4
Paw Patrol Marshalls Fire Engine Vehicle with Collectible Figure;Glow Sticks Bulk Party Favors;Glow Sticks Bulk Party Favors;GreenKidz Dinosaur Toys Pull Back Cars,295.08
UNO Minecraft Card Game;Play-Doh Modeling Compound;LEGO City Advent Calendar;DISCOVERY KIDS Mindblown STEM 12-in-1 Solar Robot Creation,242.55
Play-Doh Modeling Compound;Play-Doh Party Bag Dough;Paw Patrol Chases Patrol Cruiser Vehicle with Collectible Figure for Kids Aged 3 and Up,151.18
L.O.L. Surprise! Glitter Globe Doll Winter Disco Series with Glitter Hair;Cards Against Humanity;LEGO City Advent Calendar,289.57
Hasbro Gaming Rubiks 3X3 Cube Puzzle Game Classic Colors;LEGO Harry Potter Advent Calendar;Fisher-Price Little People A Christmas Story;UNO Minecraft Card Game,74.47
Vertellis Holiday Edition Card Game;Hasbro Gaming Rubiks 3X3 Cube Puzzle Game Classic Colors;LEGO City Great Vehicles Kayak Adventure 60240 Building Kit 2019;UNO Minecraft Card Game;LEGO Harry Potter Advent Calendar,985.1
Vertellis Holiday Edition Card Game;LEGO Technic BASH!,608.98
Hasbro Gaming Rubiks 3X3 Cube Puzzle Game Classic Colors;Paw Patrol Skyes Helicopter Vehicle with Collectible Figure,684.86
LEGO Ideas NASA Apollo Saturn V 21309 Outer Space Model Rocket;Paw Patrol Chases Patrol Cruiser Vehicle with Collectible Figure for Kids Aged 3 and Up;LEGO Ideas NASA Apollo Saturn V 21309 Outer Space Model Rocket;DISCOVERY KIDS Mindblown STEM 12-in-1 Solar Robot Creation,607.47
LEGO City Heavy Cargo Transport;LEGO City Heavy Cargo Transport,73.31
LEGO Ideas NASA Apollo Saturn;Paw Patrol Marshalls Fire Engine Vehicle with Collectible Figure,967.04
Hasbro Gaming Rubiks 3X3 Cube Puzzle Game Classic Colors;Hasbro Connect 4 Game;Paw Patrol Skyes Helicopter Vehicle with Collectible Figure,170.83
L.O.L. Surprise! Glitter Globe Doll Winter Disco Series with Glitter Hair;LEGO Harry Potter Advent Calendar;LEGO Friends Advent Calendar 41382 Building Kit;GreenKidz Dinosaur Toys Pull Back Cars;GreenKidz Dinosaur Toys Pull Back Cars,734.78
Max Fun DIY Felt Christmas Tree Set;Cards Against Humanity,481.86
UNO Minecraft Card Game;Cards Against Humanity;Kinetic Sand Bake Shoppe Playset with 1Lb of & 16 Tools & Molds;LEGO Friends Advent Calendar,7.35
LEGO Ideas NASA Apollo Saturn V 21309 Outer Space Model Rocket;LEGO Ideas NASA Apollo Saturn V 21309 Outer Space Model Rocket;DISCOVERY KIDS Mindblown STEM 12-in-1 Solar Robot Creation;First Builders Big Building Bag;LEGO Ideas NASA Apollo Saturn V 21309 Outer Space Model Rocket,931.57
LEGO Ideas NASA Apollo Saturn V 21309 Outer Space Model Rocket,963.04
Play-Doh Party Bag Dough,229.9
Vertellis Holiday Edition Card Game;First Builders Big Building Bag;Fisher-Price Babys First Blocks;Glow Sticks Bulk Party Favors,604.55
LEGO City Heavy Cargo Transport;Kinetic Sand Bake Shoppe Playset with 1Lb of & 16 Tools & Molds;Play-Doh Modeling Compound,436.58
Play-Doh Party Bag Dough;LEGO City Great Vehicles Kayak Adventure 60240 Building Kit 2019,373.52
LEGO Ideas NASA Apollo Saturn;Hasbro Gaming Rubiks 3X3 Cube Puzzle Game Classic Colors;Max Fun DIY Felt Christmas Tree Set;Max Fun DIY Felt Christmas Tree Set,562.06
Paw Patrol Skyes Helicopter Vehicle with Collectible Figure,414.72
Hasbro Connect 4 Game;Hasbro Gaming Rubiks 3X3 Cube Puzzle Game Classic Colors;Paw Patrol Chases Patrol Cruiser Vehicle with Collectible Figure for Kids Aged 3 and Up;Hasbro Gaming Rubiks 3X3 Cube Puzzle Game Classic Colors,630.26
LEGO City Great Vehicles Kayak Adventure 60240 Building Kit 2019,468.11
LEGO Technic BASH!;Hasbro Gaming Rubiks 3X3 Cube Puzzle Game Classic Colors;Fisher-Price Little People A Christmas Story,503.91
LEGO Ideas NASA Apollo Saturn;LEGO Friends Advent Calendar 41382 Building Kit;Play-Doh Modeling Compound;Cards Against Humanity;Play-Doh Modeling Compound,816.48
Paw Patrol Marshalls Fire Engine Vehicle with Collectible Figure;Play-Doh Modeling Compound;LEGO City Heavy Cargo Transport;Play-Doh Modeling Compound,243.86
L.O.L. Surprise! Glitter Globe Doll Winter Disco Series with Glitter Hair;LEGO City Heavy Cargo Transport;Glow Sticks Bulk Party Favors,887.89
LEGO Ideas NASA Apollo Saturn;Fisher-Price Little People A Christmas Story,594.96
LEGO Technic BASH!;LEGO Technic BASH!;DISCOVERY KIDS Mindblown STEM 12-in-1 Solar Robot Creation,589.98
LEGO City Advent Calendar;Cards Against Humanity;LEGO City Great Vehicles Kayak Adventure 60240 Building Kit 2019;Vertellis Holiday Edition Card Game;LEGO Friends Advent Calendar,977.77
LEGO Ideas NASA Apollo Saturn V 21309 Outer Space Model Rocket;Cards Against Humanity;Fisher-Price Little People A Christmas Story,602.78
Max Fun DIY Felt Christmas Tree Set;First Builders Big Building Bag;LEGO City Heavy Cargo Transport,774.34
LEGO Harry Potter Advent Calendar;LEGO Ideas NASA Apollo Saturn;Paw Patrol Skyes Helicopter Vehicle with Collectible Figure,696.16
LEGO Ideas NASA Apollo Saturn V 21309 Outer Space Model Rocket;Glow Sticks Bulk Party Favors;Play-Doh Modeling Compound;Hasbro Gaming Rubiks 3X3 Cube Puzzle Game Classic Colors,726.08
LEGO Friends Advent Calendar 41382 Building Kit,60.27
Cards Against Humanity;UNO Minecraft Card Game;Paw Patrol Chases Patrol Cruiser Vehicle with Collectible Figure for Kids Aged 3 and Up,199.85
LEGO City Great Vehicles Kayak Adventure 60240 Building Kit 2019;LEGO Technic BASH!;Paw Patrol Chases Patrol Cruiser Vehicle with Collectible Figure for Kids Aged 3 and Up;Hasbro Connect 4 Game;Hasbro Connect 4 Game,377.55
L.O.L. Surprise! Glitter Globe Doll Winter Disco Series with Glitter Hair,317.55
LEGO City Heavy Cargo Transport;First Builders Big Building Bag;GreenKidz Dinosaur Toys Pull Back Cars;LEGO Friends Advent Calendar 41382 Building Kit,441.56
LEGO Harry Potter Advent Calendar;Cards Against Humanity,730.78
UNO Minecraft Card Game;Fisher-Price Babys First Blocks;Play-Doh Modeling Compound;UNO Minecraft Card Game,119.5
LEGO Friends Advent Calendar;LEGO Ideas NASA Apollo Saturn V 21309 Outer Space Model Rocket;L.O.L. Surprise! Glitter Globe Doll Winter Disco Series with Glitter Hair;Fisher-Price Babys First Blocks,965.99
First Builders Big Building Bag;Play-Doh Party Bag Dough;Hasbro Gaming Rubiks 3X3 Cube Puzzle Game Classic Colors;LEGO City Heavy Cargo Transport,232.1
Play-Doh Modeling Compound;DISCOVERY KIDS Mindblown STEM 12-in-1 Solar Robot Creation,855.64
LEGO City Great Vehicles Kayak Adventure 60240 Building Kit 2019,543.64
LEGO City Advent Calendar;LEGO Friends Advent Calendar 41382 Building Kit;LEGO Technic BASH!;Paw Patrol Marshalls Fire Engine Vehicle with Collectible Figure,28.06
LEGO City Great Vehicles Kayak Adventure 60240 Building Kit 2019;LEGO Technic BASH!;Cards Against Humanity;LEGO City Heavy Cargo Transport;LEGO Ideas NASA Apollo Saturn,724.3
LEGO Friends Advent Calendar 41382 Building Kit;Max Fun DIY Felt Christmas Tree Set;LEGO Harry Potter Advent Calendar,513.02
LEGO Friends Advent Calendar;Paw Patrol Marshalls Fire Engine Vehicle with Collectible Figure;Glow Sticks Bulk Party Favors,893.65
LEGO Harry Potter Advent Calendar;Paw Patrol Skyes Helicopter Vehicle with Collectible Figure;Cards Against Humanity;LEGO Ideas NASA Apollo Saturn,4.5
Max Fun DIY Felt Christmas Tree Set;Hasbro Gaming Rubiks 3X3 Cube Puzzle Game Classic Colors,896.32
Max Fun DIY Felt Christmas Tree Set;Hasbro Gaming Rubiks 3X3 Cube Puzzle Game Classic Colors;Cards Against Humanity,84.52
Paw Patrol Skyes Helicopter Vehicle with Collectible Figure;Hasbro Connect 4 Game;Vertellis Holiday Edition Card Game;Paw Patrol Marshalls Fire Engine Vehicle with Collectible Figure,643.19
Vertellis Holiday Edition Card Game,115.12
Hasbro Connect 4 Game;LEGO City Great Vehicles Kayak Adventure 60240 Building Kit 2019;Paw Patrol Marshalls Fire Engine Vehicle with Collectible Figure;Play-Doh Party Bag Dough,503.43
LEGO City Great Vehicles Kayak Adventure 60240 Building Kit 2019;LEGO Harry Potter Advent Calendar,425.19
LEGO Ideas NASA Apollo Saturn;GreenKidz Dinosaur Toys Pull Back Cars;First Builders Big Building Bag,688.24
LEGO Harry Potter Advent Calendar;Cards Against Humanity;LEGO City Great Vehicles Kayak Adventure 60240 Building Kit 2019,57.64
Hasbro Gaming Rubiks 3X3 Cube Puzzle Game Classic Colors;Play-Doh Modeling Compound,964
Paw Patrol Chases Patrol Cruiser Vehicle with Collectible Figure for Kids Aged 3 and Up;Paw Patrol Marshalls Fire Engine Vehicle with Collectible Figure,498.46
LEGO Harry Potter Advent Calendar;LEGO City Heavy Cargo Transport;DISCOVERY KIDS Mindblown STEM 12-in-1 Solar Robot Creation;LEGO Friends Advent Calendar,75.8
Play-Doh Party Bag Dough;Max Fun DIY Felt Christmas Tree Set;LEGO City Advent Calendar;Fisher-Price Babys First Blocks;Play-Doh Party Bag Dough,402.93
Hasbro Connect 4 Game;Play-Doh Party Bag Dough;Paw Patrol Skyes Helicopter Vehicle with Collectible Figure;LEGO City Heavy Cargo Transport,49.61
Glow Sticks Bulk Party Favors;Hasbro Connect 4 Game;Fisher-Price Babys First Blocks;LEGO Ideas NASA Apollo Saturn V 21309 Outer Space Model Rocket,168.78
DISCOVERY KIDS Mindblown STEM 12-in-1 Solar Robot Creation,340.38
LEGO City Advent Calendar;LEGO Friends Advent Calendar,878.48
Hasbro Gaming Rubiks 3X3 Cube Puzzle Game Classic Colors,752.14
Paw Patrol Skyes Helicopter Vehicle with Collectible Figure;LEGO City Advent Calendar,735.55
LEGO Technic BASH!;Hasbro Connect 4 Game;Fisher-Price Babys First Blocks;LEGO Technic BASH!,95.02
Kinetic Sand Bake Shoppe Playset with 1Lb of & 16 Tools & Molds;LEGO Ideas NASA Apollo Saturn V 21309 Outer Space Model Rocket,16.32
GreenKidz Dinosaur Toys Pull Back Cars;LEGO Ideas NASA Apollo Saturn;First Builders Big Building Bag;LEGO City Heavy Cargo Transport,697.77
LEGO Harry Potter Advent Calendar;LEGO Harry Potter Advent Calendar;Hasbro Connect 4 Game,374.88
Play-Doh Party Bag Dough;Vertellis Holiday Edition Card Game,318.5
Paw Patrol Skyes Helicopter Vehicle with Collectible Figure;Glow Sticks Bulk Party Favors;GreenKidz Dinosaur Toys Pull Back Cars;Hasbro Gaming Rubiks 3X3 Cube Puzzle Game Classic Colors;Hasbro Connect 4 Game,203.06
Max Fun DIY Felt Christmas Tree Set;L.O.L. Surprise! Glitter Globe Doll Winter Disco Series with Glitter Hair;Kinetic Sand Bake Shoppe Playset with 1Lb of & 16 Tools & Molds,178.38
Hasbro Gaming Rubiks 3X3 Cube Puzzle Game Classic Colors;LEGO Ideas NASA Apollo Saturn V 21309 Outer Space Model Rocket;LEGO Harry Potter Advent Calendar,600.27
LEGO City Advent Calendar;LEGO Harry Potter Advent Calendar;LEGO Harry Potter Advent Calendar;LEGO Ideas NASA Apollo Saturn V 21309 Outer Space Model Rocket,629.2
Hasbro Gaming Rubiks 3X3 Cube Puzzle Game Classic Colors;LEGO City Advent Calendar,585.76
Cards Against Humanity;LEGO Ideas NASA Apollo Saturn V 21309 Outer Space Model Rocket;Kinetic Sand Bake Shoppe Playset with 1Lb of & 16 Tools & Molds;First Builders Big Building Bag,797.52
LEGO Ideas NASA Apollo Saturn,108.09
Hasbro Connect 4 Game;Fisher-Price Little People A Christmas Story;Kinetic Sand Bake Shoppe Playset with 1Lb of & 16 Tools & Molds,744.61
Hasbro Connect 4 Game,273.57
Paw Patrol Marshalls Fire Engine Vehicle with Collectible Figure;LEGO City Advent Calendar,437.97
LEGO Harry Potter Advent Calendar;First Builders Big Building Bag,597.2
LEGO Friends Advent Calendar;Paw Patrol Chases Patrol Cruiser Vehicle with Collectible Figure for Kids Aged 3 and Up;Vertellis Holiday Edition Card Game,261.02
Hasbro Gaming Rubiks 3X3 Cube Puzzle Game Classic Colors;Max Fun DIY Felt Christmas Tree Set;LEGO City Advent Calendar;Max Fun DIY Felt Christmas Tree Set,568.07
LEGO City Heavy Cargo Transport;L.O.L. Surprise! Glitter Globe Doll Winter Disco Series with Glitter Hair;Hasbro Connect 4 Game;Paw Patrol Skyes Helicopter Vehicle with Collectible Figure,878.74
First Builders Big Building Bag,607.25
DISCOVERY KIDS Mindblown STEM 12-in-1 Solar Robot Creation;Glow Sticks Bulk Party Favors;Paw Patrol Chases Patrol Cruiser Vehicle with Collectible Figure for Kids Aged 3 and Up,86.05
Fisher-Price Babys First Blocks;LEGO Friends Advent Calendar;Paw Patrol Marshalls Fire Engine Vehicle with Collectible Figure;GreenKidz Dinosaur Toys Pull Back Cars,449.52
LEGO Harry Potter Advent Calendar;Hasbro Gaming Rubiks 3X3 Cube Puzzle Game Classic Colors;First Builders Big Building Bag;LEGO City Advent Calendar,42.13
First Builders Big Building Bag;LEGO City Heavy Cargo Transport,488.26
Glow Sticks Bulk Party Favors,845.16
LEGO City Great Vehicles Kayak Adventure 60240 Building Kit 2019;LEGO Technic BASH!;GreenKidz Dinosaur Toys Pull Back Cars;Cards Against Humanity,189.96
Kinetic Sand Bake Shoppe Playset with 1Lb of & 16 Tools & Molds,811.07
Vertellis Holiday Edition Card Game;LEGO Ideas NASA Apollo Saturn V 21309 Outer Space Model Rocket;GreenKidz Dinosaur Toys Pull Back Cars;Kinetic Sand Bake Shoppe Playset with 1Lb of & 16 Tools & Molds;LEGO City Advent Calendar,550.99
LEGO City Great Vehicles Kayak Adventure 60240 Building Kit 2019;Vertellis Holiday Edition Card Game;LEGO Harry Potter Advent Calendar,773.59
LEGO Ideas NASA Apollo Saturn V 21309 Outer Space Model Rocket,329.18
LEGO City Great Vehicles Kayak Adventure 60240 Building Kit 2019;LEGO City Advent Calendar,13.53
Fisher-Price Little People A Christmas Story;LEGO Technic BASH!;DISCOVERY KIDS Mindblown STEM 12-in-1 Solar Robot Creation;Glow Sticks Bulk Party Favors,557.97
LEGO Ideas NASA Apollo Saturn V 21309 Outer Space Model Rocket;LEGO Harry Potter Advent Calendar,242.2
Fisher-Price Babys First Blocks;UNO Minecraft Card Game,562.68
LEGO City Heavy Cargo Transport;Kinetic Sand Bake Shoppe Playset with 1Lb of & 16 Tools & Molds,366.57
LEGO City Heavy Cargo Transport;Fisher-Price Little People A Christmas Story;Vertellis Holiday Edition Card Game,979.07
Max Fun DIY Felt Christmas Tree Set;LEGO Technic BASH!;LEGO Ideas NASA Apollo Saturn V 21309 Outer Space Model Rocket;Play-Doh Modeling Compound,361.83
LEGO Harry Potter Advent Calendar,85.26
LEGO City Heavy Cargo Transport;GreenKidz Dinosaur Toys Pull Back Cars;LEGO Technic BASH!,330.61
Fisher-Price Little People A Christmas Story;Cards Against Humanity;Cards Against Humanity;Fisher-Price Little People A Christmas Story,858.09
L.O.L. Surprise! Glitter Globe Doll Winter Disco Series with Glitter Hair,439.48
GreenKidz Dinosaur Toys Pull Back Cars;Play-Doh Modeling Compound;Max Fun DIY Felt Christmas Tree Set;Fisher-Price Babys First Blocks;LEGO Ideas NASA Apollo Saturn,475.35
LEGO Friends Advent Calendar,910.48
Max Fun DIY Felt Christmas Tree Set;Fisher-Price Babys First Blocks,749.47
First Builders Big Building Bag;LEGO Ideas NASA Apollo Saturn V 21309 Outer Space Model Rocket,468.89
L.O.L. Surprise! Glitter Globe Doll Winter Disco Series with Glitter Hair;Fisher-Price Babys First Blocks;GreenKidz Dinosaur Toys Pull Back Cars;First Builders Big Building Bag,334.51
Kinetic Sand Bake Shoppe Playset with 1Lb of & 16 Tools & Molds;Max Fun DIY Felt Christmas Tree Set;LEGO Friends Advent Calendar;Cards Against Humanity;GreenKidz Dinosaur Toys Pull Back Cars,756.91
Play-Doh Party Bag Dough;Play-Doh Modeling Compound;L.O.L. Surprise! Glitter Globe Doll Winter Disco Series with Glitter Hair;Hasbro Connect 4 Game;L.O.L. Surprise! Glitter Globe Doll Winter Disco Series with Glitter Hair,35.07
Paw Patrol Skyes Helicopter Vehicle with Collectible Figure;LEGO City Advent Calendar,834.69
LEGO City Heavy Cargo Transport;LEGO City Heavy Cargo Transport,771.97
Hasbro Gaming Rubiks 3X3 Cube Puzzle Game Classic Colors;Glow Sticks Bulk Party Favors;LEGO City Heavy Cargo Transport,694.73
GreenKidz Dinosaur Toys Pull Back Cars;LEGO City Great Vehicles Kayak Adventure 60240 Building Kit 2019,882.52
Max Fun DIY Felt Christmas Tree Set,173.52
Cards Against Humanity,338.34
Paw Patrol Marshalls Fire Engine Vehicle with Collectible Figure,493.52
LEGO Technic BASH!;Fisher-Price Babys First Blocks;LEGO Friends Advent Calendar 41382 Building Kit;Play-Doh Party Bag Dough;LEGO City Heavy Cargo Transport,62.98
LEGO Harry Potter Advent Calendar;DISCOVERY KIDS Mindblown STEM 12-in-1 Solar Robot Creation,921.65
LEGO Technic BASH!;LEGO Ideas NASA Apollo Saturn V 21309 Outer Space Model Rocket;Vertellis Holiday Edition Card Game;Fisher-Price Babys First Blocks;Cards Against Humanity,502.78
Hasbro Connect 4 Game;Glow Sticks Bulk Party Favors,243.64
Paw Patrol Chases Patrol Cruiser Vehicle with Collectible Figure for Kids Aged 3 and Up;Vertellis Holiday Edition Card Game;LEGO Friends Advent Calendar;Kinetic Sand Bake Shoppe Playset with 1Lb of & 16 Tools & Molds,360.55
Play-Doh Party Bag Dough;LEGO Friends Advent Calendar 41382 Building Kit;Paw Patrol Chases Patrol Cruiser Vehicle with Collectible Figure for Kids Aged 3 and Up;LEGO Friends Advent Calendar 41382 Building Kit;Glow Sticks Bulk Party Favors,560.92
Paw Patrol Chases Patrol Cruiser Vehicle with Collectible Figure for Kids Aged 3 and Up;UNO Minecraft Card Game;LEGO Technic BASH!,104.53
Vertellis Holiday Edition Card Game;LEGO City Great Vehicles Kayak Adventure 60240 Building Kit 2019,639.1
First Builders Big Building Bag;Play-Doh Party Bag Dough,836.5
Max Fun DIY Felt Christmas Tree Set;Vertellis Holiday Edition Card Game;LEGO Friends Advent Calendar;LEGO Harry Potter Advent Calendar,546.61
Max Fun DIY Felt Christmas Tree Set;LEGO Friends Advent Calendar;LEGO Ideas NASA Apollo Saturn;Fisher-Price Little People A Christmas Story,574.01
Hasbro Gaming Rubiks 3X3 Cube Puzzle Game Classic Colors;LEGO Harry Potter Advent Calendar;Vertellis Holiday Edition Card Game;Hasbro Gaming Rubiks 3X3 Cube Puzzle Game Classic Colors;Hasbro Connect 4 Game,889.32
DISCOVERY KIDS Mindblown STEM 12-in-1 Solar Robot Creation;LEGO City Heavy Cargo Transport;Paw Patrol Marshalls Fire Engine Vehicle with Collectible Figure,684.27
LEGO Ideas NASA Apollo Saturn;Fisher-Price Babys First Blocks;Play-Doh Modeling Compound;LEGO Technic BASH!;Glow Sticks Bulk Party Favors,615.58
Fisher-Price Babys First Blocks,30.42
LEGO Harry Potter Advent Calendar,995.88
Fisher-Price Babys First Blocks;Paw Patrol Skyes Helicopter Vehicle with Collectible Figure;LEGO City Heavy Cargo Transport;Fisher-Price Little People A Christmas Story,832.7
Play-Doh Modeling Compound,413.36
Kinetic Sand Bake Shoppe Playset with 1Lb of & 16 Tools & Molds;Kinetic Sand Bake Shoppe Playset with 1Lb of & 16 Tools & Molds;First Builders Big Building Bag;Hasbro Gaming Rubiks 3X3 Cube Puzzle Game Classic Colors,957.61
Play-Doh Party Bag Dough;UNO Minecraft Card Game,744.14
LEGO Ideas NASA Apollo Saturn V 21309 Outer Space Model Rocket,307.47
Paw Patrol Chases Patrol Cruiser Vehicle with Collectible Figure for Kids Aged 3 and Up;Play-Doh Party Bag Dough;UNO Minecraft Card Game;Fisher-Price Little People A Christmas Story;Hasbro Gaming Rubiks 3X3 Cube Puzzle Game Classic Colors,374.38
LEGO City Great Vehicles Kayak Adventure 60240 Building Kit 2019,323.4
GreenKidz Dinosaur Toys Pull Back Cars;Paw Patrol Chases Patrol Cruiser Vehicle with Collectible Figure for Kids Aged 3 and Up;Max Fun DIY Felt Christmas Tree Set;LEGO Ideas NASA Apollo Saturn V 21309 Outer Space Model Rocket,262.85
Hasbro Gaming Rubiks 3X3 Cube Puzzle Game Classic Colors;UNO Minecraft Card Game;LEGO Harry Potter Advent Calendar;Hasbro Connect 4 Game,447.14
GreenKidz Dinosaur Toys Pull Back Cars;Kinetic Sand Bake Shoppe Playset with 1Lb of & 16 Tools & Molds,129.39
Hasbro Gaming Rubiks 3X3 Cube Puzzle Game Classic Colors;GreenKidz Dinosaur Toys Pull Back Cars;First Builders Big Building Bag;Hasbro Gaming Rubiks 3X3 Cube Puzzle Game Classic Colors;LEGO Friends Advent Calendar 41382 Building Kit,721.54
GreenKidz Dinosaur Toys Pull Back Cars,103.92
Paw Patrol Chases Patrol Cruiser Vehicle with Collectible Figure for Kids Aged 3 and Up;Cards Against Humanity;DISCOVERY KIDS Mindblown STEM 12-in-1 Solar Robot Creation;Paw Patrol Chases Patrol Cruiser Vehicle with Collectible Figure for Kids Aged 3 and Up,193.37
LEGO City Great Vehicles Kayak Adventure 60240 Building Kit 2019;LEGO Friends Advent Calendar 41382 Building Kit;LEGO Harry Potter Advent Calendar,228.62
Paw Patrol Chases Patrol Cruiser Vehicle with Collectible Figure for Kids Aged 3 and Up;Hasbro Gaming Rubiks 3X3 Cube Puzzle Game Classic Colors,463.06
LEGO Technic BASH!;LEGO City Advent Calendar;Glow Sticks Bulk Party Favors;Play-Doh Party Bag Dough;DISCOVERY KIDS Mindblown STEM 12-in-1 Solar Robot Creation,475.07
LEGO City Advent Calendar;Kinetic Sand Bake Shoppe Playset with 1Lb of & 16 Tools & Molds;LEGO Friends Advent Calendar,248.27
LEGO City Advent Calendar;Cards Against Humanity;Hasbro Connect 4 Game,289.89
Paw Patrol Skyes Helicopter Vehicle with Collectible Figure;Fisher-Price Babys First Blocks,886.55
UNO Minecraft Card Game,358
LEGO Harry Potter Advent Calendar;Hasbro Gaming Rubiks 3X3 Cube Puzzle Game Classic Colors;LEGO City Great Vehicles Kayak Adventure 60240 Building Kit 2019,808.67
LEGO Ideas NASA Apollo Saturn V 21309 Outer Space Model Rocket;Max Fun DIY Felt Christmas Tree Set;Kinetic Sand Bake Shoppe Playset with 1Lb of & 16 Tools & Molds;LEGO Friends Advent Calendar;LEGO Harry Potter Advent Calendar,387.67
Fisher-Price Little People A Christmas Story;LEGO Friends Advent Calendar 41382 Building Kit,790.55
LEGO City Heavy Cargo Transport;LEGO City Great Vehicles Kayak Adventure 60240 Building Kit 2019,847.45
L.O.L. Surprise! Glitter Globe Doll Winter Disco Series with Glitter Hair,839.16
UNO Minecraft Card Game;LEGO City Great Vehicles Kayak Adventure 60240 Building Kit 2019;Hasbro Gaming Rubiks 3X3 Cube Puzzle Game Classic Colors;LEGO City Heavy Cargo Transport,598.42
LEGO Friends Advent Calendar;Fisher-Price Little People A Christmas Story;LEGO City Heavy Cargo Transport;LEGO City Heavy Cargo Transport;UNO Minecraft Card Game,634.67
Kinetic Sand Bake Shoppe Playset with 1Lb of & 16 Tools & Molds,799.81
Paw Patrol Skyes Helicopter Vehicle with Collectible Figure;LEGO Friends Advent Calendar;Paw Patrol Marshalls Fire Engine Vehicle with Collectible Figure;L.O.L. Surprise! Glitter Globe Doll Winter Disco Series with Glitter Hair,467.85
Hasbro Gaming Rubiks 3X3 Cube Puzzle Game Classic Colors,228.88
LEGO Ideas NASA Apollo Saturn;Hasbro Gaming Rubiks 3X3 Cube Puzzle Game Classic Colors;LEGO Friends Advent Calendar;Paw Patrol Chases Patrol Cruiser Vehicle with Collectible Figure for Kids Aged 3 and Up;Vertellis Holiday Edition Card Game,886.58
LEGO Technic BASH!;LEGO Harry Potter Advent Calendar,619.32
First Builders Big Building Bag;Cards Against Humanity;Hasbro Gaming Rubiks 3X3 Cube Puzzle Game Classic Colors;LEGO Ideas NASA Apollo Saturn V 21309 Outer Space Model Rocket,119.11
Cards Against Humanity;Vertellis Holiday Edition Card Game;LEGO Ideas NASA Apollo Saturn V 21309 Outer Space Model Rocket;Play-Doh Modeling Compound,477.47
LEGO Ideas NASA Apollo Saturn;UNO Minecraft Card Game;Vertellis Holiday Edition Card Game,251.37
LEGO Friends Advent Calendar;Play-Doh Party Bag Dough,722.29
LEGO City Advent Calendar;Hasbro Connect 4 Game;LEGO Ideas NASA Apollo Saturn V 21309 Outer Space Model Rocket;LEGO Friends Advent Calendar,891.02
LEGO Friends Advent Calendar;Glow Sticks Bulk Party Favors;Hasbro Gaming Rubiks 3X3 Cube Puzzle Game Classic Colors,194.06
Paw Patrol Marshalls Fire Engine Vehicle with Collectible Figure,50.45
Glow Sticks Bulk Party Favors;Vertellis Holiday Edition Card Game,57.5
Glow Sticks Bulk Party Favors;Fisher-Price Babys First Blocks;LEGO Ideas NASA Apollo Saturn;First Builders Big Building Bag,471.54
Play-Doh Modeling Compound;LEGO Friends Advent Calendar 41382 Building Kit;UNO Minecraft Card Game;Cards Against Humanity,451.29
Max Fun DIY Felt Christmas Tree Set;Hasbro Gaming Rubiks 3X3 Cube Puzzle Game Classic Colors;Hasbro Gaming Rubiks 3X3 Cube Puzzle Game Classic Colors;LEGO Harry Potter Advent Calendar,445.23
Hasbro Gaming Rubiks 3X3 Cube Puzzle Game Classic Colors;Kinetic Sand Bake Shoppe Playset with 1Lb of & 16 Tools & Molds,446.19
Play-Doh Modeling Compound;Kinetic Sand Bake Shoppe Playset with 1Lb of & 16 Tools & Molds;Play-Doh Modeling Compound;UNO Minecraft Card Game;Vertellis Holiday Edition Card Game,843.4
Play-Doh Modeling Compound;LEGO City Great Vehicles Kayak Adventure 60240 Building Kit 2019;Paw Patrol Skyes Helicopter Vehicle with Collectible Figure,921.14
Play-Doh Modeling Compound;LEGO City Advent Calendar;Paw Patrol Marshalls Fire Engine Vehicle with Collectible Figure;Paw Patrol Chases Patrol Cruiser Vehicle with Collectible Figure for Kids Aged 3 and Up,186.92
LEGO Technic BASH!;GreenKidz Dinosaur Toys Pull Back Cars;LEGO City Great Vehicles Kayak Adventure 60240 Building Kit 2019;LEGO Ideas NASA Apollo Saturn V 21309 Outer Space Model Rocket;Kinetic Sand Bake Shoppe Playset with 1Lb of & 16 Tools & Molds,232.9
LEGO Harry Potter Advent Calendar,842.55
Play-Doh Modeling Compound;Play-Doh Modeling Compound;Paw Patrol Marshalls Fire Engine Vehicle with Collectible Figure;Paw Patrol Chases Patrol Cruiser Vehicle with Collectible Figure for Kids Aged 3 and Up,909.03
Paw Patrol Chases Patrol Cruiser Vehicle with Collectible Figure for Kids Aged 3 and Up;Paw Patrol Skyes Helicopter Vehicle with Collectible Figure;Glow Sticks Bulk Party Favors,361.12
Hasbro Connect 4 Game;Fisher-Price Babys First Blocks;Fisher-Price Babys First Blocks;Fisher-Price Babys First Blocks,431.41
Play-Doh Party Bag Dough;DISCOVERY KIDS Mindblown STEM 12-in-1 Solar Robot Creation;Fisher-Price Babys First Blocks;Hasbro Connect 4 Game;Cards Against Humanity,988.06
Kinetic Sand Bake Shoppe Playset with 1Lb of & 16 Tools & Molds,509.05
LEGO Ideas NASA Apollo Saturn;LEGO City Great Vehicles Kayak Adventure 60240 Building Kit 2019,659.02
LEGO Ideas NASA Apollo Saturn;Kinetic Sand Bake Shoppe Playset with 1Lb of & 16 Tools & Molds;GreenKidz Dinosaur Toys Pull Back Cars;Hasbro Gaming Rubiks 3X3 Cube Puzzle Game Classic Colors,169.07
Cards Against Humanity;LEGO Ideas NASA Apollo Saturn V 21309 Outer Space Model Rocket,868.22
L.O.L. Surprise! Glitter Globe Doll Winter Disco Series with Glitter Hair;Hasbro Gaming Rubiks 3X3 Cube Puzzle Game Classic Colors;LEGO Ideas NASA Apollo Saturn;Paw Patrol Marshalls Fire Engine Vehicle with Collectible Figure,497.93
Paw Patrol Skyes Helicopter Vehicle with Collectible Figure;LEGO Harry Potter Advent Calendar,998.7
Hasbro Gaming Rubiks 3X3 Cube Puzzle Game Classic Colors;LEGO City Heavy Cargo Transport;First Builders Big Building Bag;Fisher-Price Babys First Blocks;First Builders Big Building Bag,594.74
Kinetic Sand Bake Shoppe Playset with 1Lb of & 16 Tools & Molds;LEGO Ideas NASA Apollo Saturn;Paw Patrol Skyes Helicopter Vehicle with Collectible Figure;LEGO City Advent Calendar;LEGO Technic BASH!,799.18
LEGO Harry Potter Advent Calendar,855.27
DISCOVERY KIDS Mindblown STEM 12-in-1 Solar Robot Creation;Paw Patrol Marshalls Fire Engine Vehicle with Collectible Figure;DISCOVERY KIDS Mindblown STEM 12-in-1 Solar Robot Creation,310.13
L.O.L. Surprise! Glitter Globe Doll Winter Disco Series with Glitter Hair,333.67
Vertellis Holiday Edition Card Game;Fisher-Price Babys First Blocks,73.71
First Builders Big Building Bag;LEGO City Great Vehicles Kayak Adventure 60240 Building Kit 2019;GreenKidz Dinosaur Toys Pull Back Cars;LEGO Harry Potter Advent Calendar,834.3
Hasbro Gaming Rubiks 3X3 Cube Puzzle Game Classic Colors;LEGO Ideas NASA Apollo Saturn V 21309 Outer Space Model Rocket;GreenKidz Dinosaur Toys Pull Back Cars;UNO Minecraft Card Game;Hasbro Connect 4 Game,6.89
Fisher-Price Little People A Christmas Story;Play-Doh Party Bag Dough;LEGO City Advent Calendar,131.9
LEGO Harry Potter Advent Calendar;Paw Patrol Marshalls Fire Engine Vehicle with Collectible Figure;LEGO Ideas NASA Apollo Saturn V 21309 Outer Space Model Rocket,21.79
LEGO Technic BASH!,789.78
LEGO City Advent Calendar;LEGO Technic BASH!;LEGO Harry Potter Advent Calendar;LEGO Technic BASH!;LEGO Friends Advent Calendar,324.92
Vertellis Holiday Edition Card Game;Max Fun DIY Felt Christmas Tree Set;First Builders Big Building Bag,400.05
LEGO Ideas NASA Apollo Saturn;LEGO Friends Advent Calendar;Play-Doh Modeling Compound,954.32
Hasbro Connect 4 Game;GreenKidz Dinosaur Toys Pull Back Cars;Hasbro Gaming Rubiks 3X3 Cube Puzzle Game Classic Colors;Vertellis Holiday Edition Card Game,677.75
LEGO Harry Potter Advent Calendar;LEGO Ideas NASA Apollo Saturn;Paw Patrol Chases Patrol Cruiser Vehicle with Collectible Figure for Kids Aged 3 and Up;Paw Patrol Skyes Helicopter Vehicle with Collectible Figure,845.9
LEGO City Advent Calendar;Paw Patrol Skyes Helicopter Vehicle with Collectible Figure,338.78
LEGO Harry Potter Advent Calendar;Paw Patrol Marshalls Fire Engine Vehicle with Collectible Figure;LEGO City Great Vehicles Kayak Adventure 60240 Building Kit 2019;LEGO City Heavy Cargo Transport;Hasbro Gaming Rubiks 3X3 Cube Puzzle Game Classic Colors,205.15
LEGO Friends Advent Calendar;LEGO City Advent Calendar;Kinetic Sand Bake Shoppe Playset with 1Lb of & 16 Tools & Molds,662.6
Vertellis Holiday Edition Card Game;L.O.L. Surprise! Glitter Globe Doll Winter Disco Series with Glitter Hair;Hasbro Gaming Rubiks 3X3 Cube Puzzle Game Classic Colors;Cards Against Humanity;DISCOVERY KIDS Mindblown STEM 12-in-1 Solar Robot Creation,802.47
LEGO Harry Potter Advent Calendar;LEGO Harry Potter Advent Calendar;Fisher-Price Little People A Christmas Story,975.28
LEGO City Advent Calendar,931.79
Play-Doh Modeling Compound;LEGO Ideas NASA Apollo Saturn;Vertellis Holiday Edition Card Game,290.67
Hasbro Gaming Rubiks 3X3 Cube Puzzle Game Classic Colors;First Builders Big Building Bag;Hasbro Connect 4 Game;LEGO City Advent Calendar,780.52
L.O.L. Surprise! Glitter Globe Doll Winter Disco Series with Glitter Hair,696.65
Paw Patrol Marshalls Fire Engine Vehicle with Collectible Figure,320.38
Paw Patrol Chases Patrol Cruiser Vehicle with Collectible Figure for Kids Aged 3 and Up;LEGO City Great Vehicles Kayak Adventure 60240 Building Kit 2019,145.48
Paw Patrol Marshalls Fire Engine Vehicle with Collectible Figure;L.O.L. Surprise! Glitter Globe Doll Winter Disco Series with Glitter Hair,715.01
Max Fun DIY Felt Christmas Tree Set;Vertellis Holiday Edition Card Game;DISCOVERY KIDS Mindblown STEM 12-in-1 Solar Robot Creation;Hasbro Gaming Rubiks 3X3 Cube Puzzle Game Classic Colors;Paw Patrol Skyes Helicopter Vehicle with Collectible Figure,503.9
Fisher-Price Little People A Christmas Story;DISCOVERY KIDS Mindblown STEM 12-in-1 Solar Robot Creation,328.61
UNO Minecraft Card Game;Hasbro Gaming Rubiks 3X3 Cube Puzzle Game Classic Colors;LEGO City Heavy Cargo Transport;UNO Minecraft Card Game;UNO Minecraft Card Game,849.48
LEGO Ideas NASA Apollo Saturn V 21309 Outer Space Model Rocket;Paw Patrol Marshalls Fire Engine Vehicle with Collectible Figure;Hasbro Connect 4 Game;LEGO Harry Potter Advent Calendar;LEGO City Heavy Cargo Transport,715.32
LEGO City Advent Calendar;Play-Doh Modeling Compound;First Builders Big Building Bag;UNO Minecraft Card Game,23.14
LEGO Friends Advent Calendar 41382 Building Kit;Max Fun DIY Felt Christmas Tree Set;Kinetic Sand Bake Shoppe Playset with 1Lb of & 16 Tools & Molds;Fisher-Price Little People A Christmas Story;Cards Against Humanity,371.38
First Builders Big Building Bag;LEGO Harry Potter Advent Calendar;Paw Patrol Marshalls Fire Engine Vehicle with Collectible Figure,732.79
Play-Doh Modeling Compound;LEGO Harry Potter Advent Calendar;DISCOVERY KIDS Mindblown STEM 12-in-1 Solar Robot Creation,93.65
Glow Sticks Bulk Party Favors,256.79
Paw Patrol Marshalls Fire Engine Vehicle with Collectible Figure,252.04
Vertellis Holiday Edition Card Game;LEGO City Great Vehicles Kayak Adventure 60240 Building Kit 2019;Kinetic Sand Bake Shoppe Playset with 1Lb of & 16 Tools & Molds;Hasbro Connect 4 Game,405.48
Paw Patrol Skyes Helicopter Vehicle with Collectible Figure;GreenKidz Dinosaur Toys Pull Back Cars;Paw Patrol Skyes Helicopter Vehicle with Collectible Figure,669.86
Max Fun DIY Felt Christmas Tree Set;L.O.L. Surprise! Glitter Globe Doll Winter Disco Series with Glitter Hair;Paw Patrol Skyes Helicopter Vehicle with Collectible Figure;Paw Patrol Marshalls Fire Engine Vehicle with Collectible Figure;Paw Patrol Skyes Helicopter Vehicle with Collectible Figure,677.27
Max Fun DIY Felt Christmas Tree Set;Fisher-Price Babys First Blocks;Paw Patrol Marshalls Fire Engine Vehicle with Collectible Figure;Fisher-Price Little People A Christmas Story;LEGO City Great Vehicles Kayak Adventure 60240 Building Kit 2019,721.76
Kinetic Sand Bake Shoppe Playset with 1Lb of & 16 Tools & Molds;Fisher-Price Babys First Blocks;Paw Patrol Marshalls Fire Engine Vehicle with Collectible Figure,275.01
LEGO Friends Advent Calendar 41382 Building Kit;GreenKidz Dinosaur Toys Pull Back Cars,394.66
LEGO Ideas NASA Apollo Saturn;Hasbro Connect 4 Game;Hasbro Gaming Rubiks 3X3 Cube Puzzle Game Classic Colors;Vertellis Holiday Edition Card Game,65.76
LEGO Harry Potter Advent Calendar;LEGO Friends Advent Calendar 41382 Building Kit,110.79
Fisher-Price Little People A Christmas Story;LEGO City Advent Calendar,410.97
LEGO Ideas NASA Apollo Saturn V 21309 Outer Space Model Rocket;LEGO Ideas NASA Apollo Saturn,155.87
LEGO Friends Advent Calendar;Fisher-Price Babys First Blocks;Max Fun DIY Felt Christmas Tree Set;Fisher-Price Little People A Christmas Story;LEGO City Advent Calendar,544.28
LEGO Technic BASH!;Fisher-Price Babys First Blocks;LEGO Friends Advent Calendar 41382 Building Kit;Glow Sticks Bulk Party Favors,220.65
Kinetic Sand Bake Shoppe Playset with 1Lb of & 16 Tools & Molds,867.66
Paw Patrol Marshalls Fire Engine Vehicle with Collectible Figure;DISCOVERY KIDS Mindblown STEM 12-in-1 Solar Robot Creation,477.88
Glow Sticks Bulk Party Favors;LEGO Ideas NASA Apollo Saturn V 21309 Outer Space Model Rocket,843.19
Paw Patrol Marshalls Fire Engine Vehicle with Collectible Figure,843.78
UNO Minecraft Card Game;LEGO Friends Advent Calendar,660.96
LEGO Ideas NASA Apollo Saturn;Play-Doh Party Bag Dough;Fisher-Price Babys First Blocks;GreenKidz Dinosaur Toys Pull Back Cars,958.35
LEGO Friends Advent Calendar;Paw Patrol Marshalls Fire Engine Vehicle with Collectible Figure;Fisher-Price Babys First Blocks;Kinetic Sand Bake Shoppe Playset with 1Lb of & 16 Tools & Molds,559.46
Cards Against Humanity,197.23
LEGO City Advent Calendar;L.O.L. Surprise! Glitter Globe Doll Winter Disco Series with Glitter Hair,667.04
Paw Patrol Chases Patrol Cruiser Vehicle with Collectible Figure for Kids Aged 3 and Up;LEGO Friends Advent Calendar 41382 Building Kit;Play-Doh Modeling Compound;Fisher-Price Babys First Blocks;Fisher-Price Little People A Christmas Story,889.94
LEGO Harry Potter Advent Calendar,217.77
Hasbro Gaming Rubiks 3X3 Cube Puzzle Game Classic Colors;Paw Patrol Marshalls Fire Engine Vehicle with Collectible Figure;LEGO Ideas NASA Apollo Saturn V 21309 Outer Space Model Rocket;LEGO Technic BASH!,791.16
Cards Against Humanity;UNO Minecraft Card Game;Max Fun DIY Felt Christmas Tree Set,169.43
First Builders Big Building Bag;UNO Minecraft Card Game,792.11
LEGO City Great Vehicles Kayak Adventure 60240 Building Kit 2019;DISCOVERY KIDS Mindblown STEM 12-in-1 Solar Robot Creation;LEGO Friends Advent Calendar,729.46
LEGO Harry Potter Advent Calendar;GreenKidz Dinosaur Toys Pull Back Cars,215.7
UNO Minecraft Card Game;LEGO Ideas NASA Apollo Saturn;LEGO Harry Potter Advent Calendar;Glow Sticks Bulk Party Favors,811.12
Fisher-Price Babys First Blocks;LEGO Ideas NASA Apollo Saturn;Hasbro Gaming Rubiks 3X3 Cube Puzzle Game Classic Colors,286.74
Hasbro Connect 4 Game;LEGO Harry Potter Advent Calendar,909.49
Play-Doh Modeling Compound;Glow Sticks Bulk Party Favors;LEGO City Great Vehicles Kayak Adventure 60240 Building Kit 2019,319.44
Hasbro Gaming Rubiks 3X3 Cube Puzzle Game Classic Colors;LEGO Harry Potter Advent Calendar;LEGO Friends Advent Calendar 41382 Building Kit;GreenKidz Dinosaur Toys Pull Back Cars,651.21
Play-Doh Party Bag Dough;Hasbro Gaming Rubiks 3X3 Cube Puzzle Game Classic Colors;Paw Patrol Skyes Helicopter Vehicle with Collectible Figure,261.14
LEGO City Heavy Cargo Transport;LEGO City Advent Calendar;LEGO City Heavy Cargo Transport;LEGO Ideas NASA Apollo Saturn,998.19
LEGO Ideas NASA Apollo Saturn V 21309 Outer Space Model Rocket;Paw Patrol Chases Patrol Cruiser Vehicle with Collectible Figure for Kids Aged 3 and Up;LEGO City Great Vehicles Kayak Adventure 60240 Building Kit 2019;LEGO Ideas NASA Apollo Saturn V 21309 Outer Space Model Rocket,783.2
GreenKidz Dinosaur Toys Pull Back Cars;LEGO Friends Advent Calendar;LEGO Friends Advent Calendar 41382 Building Kit;Hasbro Gaming Rubiks 3X3 Cube Puzzle Game Classic Colors;Kinetic Sand Bake Shoppe Playset with 1Lb of & 16 Tools & Molds,528.91
Hasbro Gaming Rubiks 3X3 Cube Puzzle Game Classic Colors,235.95
LEGO Harry Potter Advent Calendar;Paw Patrol Chases Patrol Cruiser Vehicle with Collectible Figure for Kids Aged 3 and Up;L.O.L. Surprise! Glitter Globe Doll Winter Disco Series with Glitter Hair;Paw Patrol Skyes Helicopter Vehicle with Collectible Figure,816.23
Hasbro Connect 4 Game,823.3
LEGO City Advent Calendar;LEGO Ideas NASA Apollo Saturn;Fisher-Price Little People A Christmas Story;Paw Patrol Marshalls Fire Engine Vehicle with Collectible Figure;LEGO Harry Potter Advent Calendar,613.94
LEGO City Advent Calendar;LEGO Friends Advent Calendar,891.36
Paw Patrol Chases Patrol Cruiser Vehicle with Collectible Figure for Kids Aged 3 and Up;LEGO Friends Advent Calendar 41382 Building Kit,353.07
UNO Minecraft Card Game;LEGO City Advent Calendar;DISCOVERY KIDS Mindblown STEM 12-in-1 Solar Robot Creation;LEGO Ideas NASA Apollo Saturn V 21309 Outer Space Model Rocket,719.84
Paw Patrol Chases Patrol Cruiser Vehicle with Collectible Figure for Kids Aged 3 and Up;Paw Patrol Skyes Helicopter Vehicle with Collectible Figure,707.52
DISCOVERY KIDS Mindblown STEM 12-in-1 Solar Robot Creation,37.58
LEGO Harry Potter Advent Calendar;UNO Minecraft Card Game;LEGO Technic BASH!;GreenKidz Dinosaur Toys Pull Back Cars;LEGO Harry Potter Advent Calendar,947.74
LEGO Ideas NASA Apollo Saturn;Hasbro Gaming Rubiks 3X3 Cube Puzzle Game Classic Colors;Paw Patrol Chases Patrol Cruiser Vehicle with Collectible Figure for Kids Aged 3 and Up;Play-Doh Party Bag Dough;Glow Sticks Bulk Party Favors,44.53
Hasbro Connect 4 Game;Cards Against Humanity;L.O.L. Surprise! Glitter Globe Doll Winter Disco Series with Glitter Hair;LEGO Technic BASH!;LEGO City Great Vehicles Kayak Adventure 60240 Building Kit 2019,547.2
Play-Doh Modeling Compound;Max Fun DIY Felt Christmas Tree Set;Vertellis Holiday Edition Card Game;Paw Patrol Chases Patrol Cruiser Vehicle with Collectible Figure for Kids Aged 3 and Up;Fisher-Price Little People A Christmas Story,201.21
UNO Minecraft Card Game;UNO Minecraft Card Game;DISCOVERY KIDS Mindblown STEM 12-in-1 Solar Robot Creation,238.09
LEGO Harry Potter Advent Calendar;L.O.L. Surprise! Glitter Globe Doll Winter Disco Series with Glitter Hair;LEGO Friends Advent Calendar;Vertellis Holiday Edition Card Game,246.2
Play-Doh Party Bag Dough;LEGO Friends Advent Calendar 41382 Building Kit;Paw Patrol Chases Patrol Cruiser Vehicle with Collectible Figure for Kids Aged 3 and Up;Hasbro Gaming Rubiks 3X3 Cube Puzzle Game Classic Colors,706.98
L.O.L. Surprise! Glitter Globe Doll Winter Disco Series with Glitter Hair,761.28
First Builders Big Building Bag;Paw Patrol Skyes Helicopter Vehicle with Collectible Figure;LEGO City Advent Calendar;LEGO Friends Advent Calendar 41382 Building Kit;DISCOVERY KIDS Mindblown STEM 12-in-1 Solar Robot Creation,407.28
LEGO City Advent Calendar;Hasbro Connect 4 Game;LEGO City Great Vehicles Kayak Adventure 60240 Building Kit 2019,81.43
Play-Doh Party Bag Dough;Hasbro Connect 4 Game,388.88
Fisher-Price Little People A Christmas Story,217.07
Play-Doh Modeling Compound;Hasbro Gaming Rubiks 3X3 Cube Puzzle Game Classic Colors;Hasbro Connect 4 Game;First Builders Big Building Bag,299.44
GreenKidz Dinosaur Toys Pull Back Cars,720.21
Cards Against Humanity;L.O.L. Surprise! Glitter Globe Doll Winter Disco Series with Glitter Hair,341.12
Hasbro Connect 4 Game;LEGO City Great Vehicles Kayak Adventure 60240 Building Kit 2019;Max Fun DIY Felt Christmas Tree Set;Play-Doh Party Bag Dough,520.89
Paw Patrol Chases Patrol Cruiser Vehicle with Collectible Figure for Kids Aged 3 and Up,299.59
L.O.L. Surprise! Glitter Globe Doll Winter Disco Series with Glitter Hair;GreenKidz Dinosaur Toys Pull Back Cars,282.28
Cards Against Humanity;Hasbro Gaming Rubiks 3X3 Cube Puzzle Game Classic Colors;LEGO City Great Vehicles Kayak Adventure 60240 Building Kit 2019,272.31
Fisher-Price Little People A Christmas Story;L.O.L. Surprise! Glitter Globe Doll Winter Disco Series with Glitter Hair;LEGO Friends Advent Calendar,415.06
Paw Patrol Skyes Helicopter Vehicle with Collectible Figure;First Builders Big Building Bag;Glow Sticks Bulk Party Favors,242.06
First Builders Big Building Bag;LEGO City Advent Calendar,21.08
UNO Minecraft Card Game;LEGO Harry Potter Advent Calendar;Vertellis Holiday Edition Card Game,414.55
LEGO Friends Advent Calendar 41382 Building Kit;Paw Patrol Chases Patrol Cruiser Vehicle with Collectible Figure for Kids Aged 3 and Up;LEGO Friends Advent Calendar 41382 Building Kit;Play-Doh Party Bag Dough,477.22
Cards Against Humanity;LEGO Ideas NASA Apollo Saturn,634.71
Fisher-Price Little People A Christmas Story;LEGO Harry Potter Advent Calendar,495.23
Glow Sticks Bulk Party Favors;LEGO Technic BASH!;LEGO Technic BASH!,334.65
UNO Minecraft Card Game;Fisher-Price Babys First Blocks,9.86
LEGO Friends Advent Calendar 41382 Building Kit,954.05
Paw Patrol Skyes Helicopter Vehicle with Collectible Figure;Play-Doh Modeling Compound;Hasbro Gaming Rubiks 3X3 Cube Puzzle Game Classic Colors;Paw Patrol Chases Patrol Cruiser Vehicle with Collectible Figure for Kids Aged 3 and Up;Glow Sticks Bulk Party Favors,594.21
Glow Sticks Bulk Party Favors;Vertellis Holiday Edition Card Game,213.94
LEGO Friends Advent Calendar;LEGO City Heavy Cargo Transport;First Builders Big Building Bag;LEGO Harry Potter Advent Calendar;LEGO City Advent Calendar,778.88
LEGO City Great Vehicles Kayak Adventure 60240 Building Kit 2019,364.29
LEGO Technic BASH!;First Builders Big Building Bag;Paw Patrol Skyes Helicopter Vehicle with Collectible Figure,147.26
Paw Patrol Chases Patrol Cruiser Vehicle with Collectible Figure for Kids Aged 3 and Up;Paw Patrol Chases Patrol Cruiser Vehicle with Collectible Figure for Kids Aged 3 and Up,645.1
UNO Minecraft Card Game;LEGO Ideas NASA Apollo Saturn;LEGO City Great Vehicles Kayak Adventure 60240 Building Kit 2019,484.73
Cards Against Humanity;First Builders Big Building Bag;Fisher-Price Babys First Blocks;GreenKidz Dinosaur Toys Pull Back Cars,416.7
LEGO Harry Potter Advent Calendar,174.62
LEGO Friends Advent Calendar;LEGO Ideas NASA Apollo Saturn V 21309 Outer Space Model Rocket;Hasbro Gaming Rubiks 3X3 Cube Puzzle Game Classic Colors;Paw Patrol Skyes Helicopter Vehicle with Collectible Figure,580.02
Paw Patrol Chases Patrol Cruiser Vehicle with Collectible Figure for Kids Aged 3 and Up;Kinetic Sand Bake Shoppe Playset with 1Lb of & 16 Tools & Molds;Play-Doh Party Bag Dough,715.38
LEGO Harry Potter Advent Calendar;Paw Patrol Marshalls Fire Engine Vehicle with Collectible Figure;Hasbro Gaming Rubiks 3X3 Cube Puzzle Game Classic Colors,877.62
L.O.L. Surprise! Glitter Globe Doll Winter Disco Series with Glitter Hair;Paw Patrol Chases Patrol Cruiser Vehicle with Collectible Figure for Kids Aged 3 and Up;LEGO Harry Potter Advent Calendar;L.O.L. Surprise! Glitter Globe Doll Winter Disco Series with Glitter Hair;Vertellis Holiday Edition Card Game,154.53
LEGO Friends Advent Calendar 41382 Building Kit;Play-Doh Modeling Compound;LEGO Friends Advent Calendar,786.39
DISCOVERY KIDS Mindblown STEM 12-in-1 Solar Robot Creation;Paw Patrol Skyes Helicopter Vehicle with Collectible Figure;Max Fun DIY Felt Christmas Tree Set,697.2
Paw Patrol Skyes Helicopter Vehicle with Collectible Figure;LEGO Harry Potter Advent Calendar,547.55
Glow Sticks Bulk Party Favors;L.O.L. Surprise! Glitter Globe Doll Winter Disco Series with Glitter Hair,620.52
LEGO Ideas NASA Apollo Saturn;Paw Patrol Skyes Helicopter Vehicle with Collectible Figure;Max Fun DIY Felt Christmas Tree Set,903.79
LEGO Friends Advent Calendar 41382 Building Kit;Paw Patrol Skyes Helicopter Vehicle with Collectible Figure;First Builders Big Building Bag;LEGO City Heavy Cargo Transport;UNO Minecraft Card Game,74.89
